-- phpMyAdmin SQL Dump
-- version 5.2.1
-- https://www.phpmyadmin.net/
--
-- Host: 127.0.0.1
-- Generation Time: Nov 14, 2025 at 12:18 PM
-- Server version: 10.4.32-MariaDB
-- PHP Version: 8.0.30

SET SQL_MODE = "NO_AUTO_VALUE_ON_ZERO";
START TRANSACTION;
SET time_zone = "+00:00";


/*!40101 SET @OLD_CHARACTER_SET_CLIENT=@@CHARACTER_SET_CLIENT */;
/*!40101 SET @OLD_CHARACTER_SET_RESULTS=@@CHARACTER_SET_RESULTS */;
/*!40101 SET @OLD_COLLATION_CONNECTION=@@COLLATION_CONNECTION */;
/*!40101 SET NAMES utf8mb4 */;

--
-- Database: `modul7`
--

-- --------------------------------------------------------

--
-- Table structure for table `barang`
--

CREATE TABLE `barang` (
  `id` int(11) NOT NULL,
  `kode_barang` varchar(10) NOT NULL,
  `nama_barang` varchar(100) NOT NULL,
  `harga` decimal(10,2) NOT NULL,
  `stok` int(11) NOT NULL
) ENGINE=InnoDB DEFAULT CHARSET=utf8mb4 COLLATE=utf8mb4_general_ci;

--
-- Dumping data for table `barang`
--

INSERT INTO `barang` (`id`, `kode_barang`, `nama_barang`, `harga`, `stok`) VALUES
(1, 'BRG001', 'Laptop ASUS ROG', 15000000.00, 10),
(2, 'BRG002', 'Monitor Samsung 24', 3000000.00, 25),
(3, 'BRG003', 'Keyboard Mechanical', 1200000.00, 50);

-- --------------------------------------------------------

--
-- Table structure for table `pelanggan`
--

CREATE TABLE `pelanggan` (
  `id` int(11) NOT NULL,
  `nama` varchar(100) NOT NULL
) ENGINE=InnoDB DEFAULT CHARSET=utf8mb4 COLLATE=utf8mb4_general_ci;

--
-- Dumping data for table `pelanggan`
--

INSERT INTO `pelanggan` (`id`, `nama`) VALUES
(1, 'Irvan'),
(2, 'Rina'),
(3, 'Budi'),
(4, 'Siti'),
(5, 'Eko'),
(6, 'Dewi'),
(7, 'Hari'),
(8, 'Nina');

-- --------------------------------------------------------

--
-- Table structure for table `transaksi`
--

CREATE TABLE `transaksi` (
  `id` int(11) NOT NULL,
  `waktu_transaksi` datetime NOT NULL,
  `keterangan` text DEFAULT NULL,
  `total` decimal(10,2) NOT NULL,
  `pelanggan_id` int(11) NOT NULL
) ENGINE=InnoDB DEFAULT CHARSET=utf8mb4 COLLATE=utf8mb4_general_ci;

--
-- Dumping data for table `transaksi`
--

INSERT INTO `transaksi` (`id`, `waktu_transaksi`, `keterangan`, `total`, `pelanggan_id`) VALUES
(1, '2025-11-12 17:19:05', 'Self pickup', 16000000.00, 1),
(2, '2025-11-12 17:19:05', 'Self pickup', 15000000.00, 2),
(3, '2025-11-12 17:19:05', 'Delivery Order', 3000000.00, 3),
(4, '2025-11-13 17:19:05', 'Delivery Order', 24000000.00, 4),
(5, '2025-11-13 17:19:05', 'Self pickup', 21000000.00, 5),
(6, '2025-11-13 17:19:05', 'Self pickup', 20000000.00, 6),
(7, '2025-11-14 17:19:05', 'Self pickup', 600000.00, 7),
(8, '2025-11-14 17:19:05', 'Self pickup', 1200000.00, 8);

-- --------------------------------------------------------

--
-- Table structure for table `transaksi_detail`
--

CREATE TABLE `transaksi_detail` (
  `transaksi_id` int(11) NOT NULL,
  `barang_id` int(11) NOT NULL,
  `qty` int(11) NOT NULL,
  `harga` decimal(10,2) NOT NULL
) ENGINE=InnoDB DEFAULT CHARSET=utf8mb4 COLLATE=utf8mb4_general_ci;

--
-- Dumping data for table `transaksi_detail`
--

INSERT INTO `transaksi_detail` (`transaksi_id`, `barang_id`, `qty`, `harga`) VALUES
(2, 1, 1, 15000000.00),
(3, 2, 1, 3000000.00),
(8, 3, 1, 1200000.00);

--
-- Indexes for dumped tables
--

--
-- Indexes for table `barang`
--
ALTER TABLE `barang`
  ADD PRIMARY KEY (`id`),
  ADD UNIQUE KEY `kode_barang` (`kode_barang`);

--
-- Indexes for table `pelanggan`
--
ALTER TABLE `pelanggan`
  ADD PRIMARY KEY (`id`);

--
-- Indexes for table `transaksi`
--
ALTER TABLE `transaksi`
  ADD PRIMARY KEY (`id`),
  ADD KEY `pelanggan_id` (`pelanggan_id`);

--
-- Indexes for table `transaksi_detail`
--
ALTER TABLE `transaksi_detail`
  ADD PRIMARY KEY (`transaksi_id`,`barang_id`),
  ADD KEY `barang_id` (`barang_id`);

--
-- AUTO_INCREMENT for dumped tables
--

--
-- AUTO_INCREMENT for table `barang`
--
ALTER TABLE `barang`
  MODIFY `id` int(11) NOT NULL AUTO_INCREMENT, AUTO_INCREMENT=4;

--
-- AUTO_INCREMENT for table `pelanggan`
--
ALTER TABLE `pelanggan`
  MODIFY `id` int(11) NOT NULL AUTO_INCREMENT, AUTO_INCREMENT=9;

--
-- AUTO_INCREMENT for table `transaksi`
--
ALTER TABLE `transaksi`
  MODIFY `id` int(11) NOT NULL AUTO_INCREMENT, AUTO_INCREMENT=9;

--
-- Constraints for dumped tables
--

--
-- Constraints for table `transaksi`
--
ALTER TABLE `transaksi`
  ADD CONSTRAINT `transaksi_ibfk_1` FOREIGN KEY (`pelanggan_id`) REFERENCES `pelanggan` (`id`);

--
-- Constraints for table `transaksi_detail`
--
ALTER TABLE `transaksi_detail`
  ADD CONSTRAINT `transaksi_detail_ibfk_1` FOREIGN KEY (`transaksi_id`) REFERENCES `transaksi` (`id`) ON DELETE CASCADE ON UPDATE CASCADE,
  ADD CONSTRAINT `transaksi_detail_ibfk_2` FOREIGN KEY (`barang_id`) REFERENCES `barang` (`id`);
COMMIT;

/*!40101 SET CHARACTER_SET_CLIENT=@OLD_CHARACTER_SET_CLIENT */;
/*!40101 SET CHARACTER_SET_RESULTS=@OLD_CHARACTER_SET_RESULTS */;
/*!40101 SET COLLATION_CONNECTION=@OLD_COLLATION_CONNECTION */;
